{
  "schema_version": 1,
  "mes": 4,
  "ano": 2026,
  "label": "Abril de 2026",
  "geracao": "2026-05-13",
  "faturamento": {
    "total": 4516365.350000001,
    "hospedagem": 3627652.0,
    "ab": 550776.24,
    "outros": 337937.11
  },
  "ocupacao": {
    "diarias_vendidas": 3752,
    "diarias_pagas": 2809,
    "aptos_disp_mes": 6810,
    "aptos_disp_dia_medio": 227.0,
    "ocup_media": 55.09544787077827,
    "ocup_fds": 78.79955947136564,
    "ocup_semana": 46.47577092511013,
    "dias_fds": 8,
    "dias_semana": 22
  },
  "adr": {
    "geral": 1277.1258775364897,
    "fds": 1418.8193548387096,
    "semana": 1187.9510382830626
  },
  "revpar": 526.7909823788546,
  "permanencia": 2.25,
  "lead_time_medio": 51.081021087680355,
  "lead_time_count": 901,
  "fat_split": {
    "fds": 1539419.0,
    "semana": 2048027.5899999999
  },
  "mix_segmento": {
    "EMPRESA": {
      "aptos": 1334,
      "diarias_r": 1582418.35
    },
    "PARTICULAR": {
      "aptos": 1020,
      "diarias_r": 1513706.73
    },
    "GRUPO": {
      "aptos": 530,
      "diarias_r": 518824.14
    },
    "COTISTA": {
      "aptos": 669,
      "diarias_r": 250.0
    }
  },
  "mix_total_aptos": 3553,
  "canais": {
    "motor": {
      "aptos": 879,
      "diarias_r": 1160140.63
    },
    "booking": {
      "aptos": 64,
      "diarias_r": 101218.59
    },
    "expedia": {
      "aptos": 22,
      "diarias_r": 22698.14
    },
    "bancorbras": {
      "aptos": 102,
      "diarias_r": 91114.77
    },
    "rdc": {
      "aptos": 108,
      "diarias_r": 64364.14
    },
    "cvc": {
      "aptos": 14,
      "diarias_r": 10700.08
    },
    "montreal": {
      "aptos": 14,
      "diarias_r": 11889.67
    },
    "demais": {
      "aptos": 177,
      "diarias_r": 134338.44
    }
  },
  "offline": {
    "aptos": 2372,
    "diarias_r": 1990982.1300000001
  },
  "estados": {
    "ES": 2223,
    "RJ": 540,
    "MG": 496,
    "Outros": 460,
    "BA": 63,
    "SP": 58,
    "PE": 15,
    "CE": 14,
    "RS": 14,
    "PA": 11,
    "DF": 8,
    "AL": 7,
    "PB": 5,
    "PR": 4,
    "RR": 4,
    "RN": 4,
    "MS": 4,
    "TO": 4,
    "MA": 4,
    "MT": 3,
    "PI": 3,
    "SC": 3,
    "AP": 2,
    "RO": 2,
    "AC": 2,
    "SE": 2,
    "AM": 2
  },
  "total_estados": 3957,
  "es_aptos": 2223,
  "grande_vitoria": 1407,
  "demais_municipios_es": 816,
  "top_cidades": [
    {
      "name": "SERRA",
      "aptos": 392
    },
    {
      "name": "VITORIA",
      "aptos": 386
    },
    {
      "name": "VILA VELHA",
      "aptos": 350
    },
    {
      "name": "CAMPOS DOS GOYTACAZES",
      "aptos": 224
    },
    {
      "name": "CARIACICA",
      "aptos": 150
    },
    {
      "name": "SAO MATEUS",
      "aptos": 111
    },
    {
      "name": "LINHARES",
      "aptos": 106
    },
    {
      "name": "GUARAPARI",
      "aptos": 90
    },
    {
      "name": "GOVERNADOR VALADARES",
      "aptos": 89
    },
    {
      "name": "CACHOEIRO DE ITAPEMIRIM",
      "aptos": 84
    },
    {
      "name": "COLATINA",
      "aptos": 71
    },
    {
      "name": "MARATAIZES",
      "aptos": 67
    },
    {
      "name": "MACAE",
      "aptos": 57
    },
    {
      "name": "RIO DAS OSTRAS",
      "aptos": 57
    },
    {
      "name": "RIO DE JANEIRO",
      "aptos": 48
    },
    {
      "name": "IPATINGA",
      "aptos": 42
    },
    {
      "name": "ARACRUZ",
      "aptos": 35
    },
    {
      "name": "ITAPERUNA",
      "aptos": 32
    },
    {
      "name": "VIANA",
      "aptos": 31
    },
    {
      "name": "PIUMA",
      "aptos": 29
    },
    {
      "name": "ITAPEMIRIM",
      "aptos": 28
    },
    {
      "name": "MURIAE",
      "aptos": 27
    },
    {
      "name": "CARATINGA",
      "aptos": 27
    },
    {
      "name": "MANHUACU",
      "aptos": 26
    },
    {
      "name": "TEIXEIRA DE FREITAS",
      "aptos": 22
    },
    {
      "name": "SAO PAULO",
      "aptos": 20
    },
    {
      "name": "DOMINGOS MARTINS",
      "aptos": 17
    },
    {
      "name": "BOM JESUS DO ITABAPOANA",
      "aptos": 17
    },
    {
      "name": "RESPLENDOR",
      "aptos": 16
    },
    {
      "name": "ANCHIETA",
      "aptos": 15
    }
  ],
  "top_empresas": [
    {
      "name": "MATA DA PRAIA IGREJA BATISTA",
      "aptos": 96,
      "diarias_r": 59999.98
    },
    {
      "name": "PACOTES MARCELO TARDIN 2025 E 2026",
      "aptos": 8,
      "diarias_r": 10617.04
    },
    {
      "name": "DESPEGAR-PAM",
      "aptos": 7,
      "diarias_r": 7152.46
    },
    {
      "name": "60.167.614 LUIANA RODRIGUES TITO",
      "aptos": 6,
      "diarias_r": 8384.94
    },
    {
      "name": "NOVITA AGENCIA DE TURISMO LTDA",
      "aptos": 4,
      "diarias_r": 4565.48
    },
    {
      "name": "CATIVA TURISMO LTDA.",
      "aptos": 3,
      "diarias_r": 3181.2
    },
    {
      "name": "WEST CENTRAL VIAGENS E TURISMO LTDA",
      "aptos": 3,
      "diarias_r": 2364.15
    },
    {
      "name": "ROTAS DESTINOS TURISMO",
      "aptos": 2,
      "diarias_r": 1120.0
    }
  ],
  "dados_parciais": false
}